WARDNAME,Geo_Code,Mid_Year_Ending,Gender,Age_Group,Population_Estimate
ALDERGROVE,95AA01,2020,All persons,All ages,4775
BALLOO,95AA02,2020,All persons,All ages,1759
BALLYCRAIGY,95AA03,2020,All persons,All ages,1845
CLADY,95AA04,2020,All persons,All ages,3373
CRANFIELD,95AA05,2020,All persons,All ages,2728
CRUMLIN,95AA06,2020,All persons,All ages,4468
DRUMANAWAY,95AA07,2020,All persons,All ages,2155
FARRANSHANE,95AA08,2020,All persons,All ages,1811
FOUNTAIN HILL,95AA09,2020,All persons,All ages,2353
GREYSTONE,95AA10,2020,All persons,All ages,1870
MASSEREENE,95AA11,2020,All persons,All ages,5775
PARKGATE,95AA12,2020,All persons,All ages,2758
RANDALSTOWN,95AA13,2020,All persons,All ages,3445
SHILVODAN,95AA14,2020,All persons,All ages,2485
SPRINGFARM,95AA15,2020,All persons,All ages,4967
STEEPLE,95AA16,2020,All persons,All ages,1822
STILES,95AA17,2020,All persons,All ages,2019
TEMPLEPATRICK,95AA18,2020,All persons,All ages,2612
TOOME,95AA19,2020,All persons,All ages,2757
BALLYGOWAN,95BB01,2020,All persons,All ages,3795
BALLYRAINEY,95BB02,2020,All persons,All ages,2578
BALLYWALTER,95BB03,2020,All persons,All ages,4417
BRADSHAW'S BRAE,95BB04,2020,All persons,All ages,3341
CARROWDORE,95BB05,2020,All persons,All ages,3469
CENTRAL,95BB06,2020,All persons,All ages,2941
COMBER EAST,95BB07,2020,All persons,All ages,3172
COMBER NORTH,95BB08,2020,All persons,All ages,2618
COMBER WEST,95BB09,2020,All persons,All ages,3086
DONAGHADEE NORTH,95BB10,2020,All persons,All ages,3597
DONAGHADEE SOUTH,95BB11,2020,All persons,All ages,2965
GLEN,95BB12,2020,All persons,All ages,3117
GREGSTOWN,95BB13,2020,All persons,All ages,4148
KILLINCHY,95BB14,2020,All persons,All ages,3177
KIRCUBBIN,95BB15,2020,All persons,All ages,3526
LISBANE,95BB16,2020,All persons,All ages,3439
LOUGHRIES,95BB17,2020,All persons,All ages,3673
MILLISLE,95BB18,2020,All persons,All ages,4508
MOVILLA,95BB19,2020,All persons,All ages,5169
PORTAFERRY,95BB20,2020,All persons,All ages,3289
PORTAVOGIE,95BB21,2020,All persons,All ages,4915
SCRABO,95BB22,2020,All persons,All ages,3156
WHITESPOTS,95BB23,2020,All persons,All ages,3084
ABBEY PARK,95CC01,2020,All persons,All ages,2657
BALLYMARTRIM,95CC02,2020,All persons,All ages,2973
CALLAN BRIDGE,95CC03,2020,All persons,All ages,2998
CARRIGATUKE,95CC04,2020,All persons,All ages,2776
CHARLEMONT,95CC05,2020,All persons,All ages,2971
DEMESNE,95CC06,2020,All persons,All ages,3145
DERRYNOOSE,95CC07,2020,All persons,All ages,3820
DOWNS,95CC08,2020,All persons,All ages,2681
HAMILTONSBAWN,95CC09,2020,All persons,All ages,3682
HOCKLEY,95CC10,2020,All persons,All ages,2739
KEADY,95CC11,2020,All persons,All ages,1972
KILLEEN,95CC12,2020,All persons,All ages,2977
KILLYLEA,95CC13,2020,All persons,All ages,2568
LAURELVALE,95CC14,2020,All persons,All ages,3182
LOUGHGALL,95CC15,2020,All persons,All ages,3027
MARKETHILL,95CC16,2020,All persons,All ages,3114
MILFORD,95CC17,2020,All persons,All ages,3180
OBSERVATORY,95CC18,2020,All persons,All ages,2557
POYNTZ PASS,95CC19,2020,All persons,All ages,2904
RICH HILL,95CC20,2020,All persons,All ages,2913
TANDRAGEE,95CC21,2020,All persons,All ages,3067
THE MALL,95CC22,2020,All persons,All ages,1975
ACADEMY,95DD01,2020,All persons,All ages,2048
AHOGHILL,95DD02,2020,All persons,All ages,4093
ARDEEVIN,95DD03,2020,All persons,All ages,3745
BALLEE,95DD04,2020,All persons,All ages,2006
BALLYKEEL,95DD05,2020,All persons,All ages,1723
BALLYLOUGHAN,95DD06,2020,All persons,All ages,2672
BROUGHSHANE,95DD07,2020,All persons,All ages,3560
CASTLE DEMESNE,95DD08,2020,All persons,All ages,2637
CRAIGYWARREN,95DD09,2020,All persons,All ages,2584
CULLYBACKEY,95DD10,2020,All persons,All ages,2857
DUNCLUG,95DD11,2020,All persons,All ages,2487
DUNMINNING,95DD12,2020,All persons,All ages,2617
FAIR GREEN,95DD13,2020,All persons,All ages,2091
GALGORM,95DD14,2020,All persons,All ages,3313
GLENRAVEL,95DD15,2020,All persons,All ages,3651
GLENWHIRRY,95DD16,2020,All persons,All ages,3107
GRANGE,95DD17,2020,All persons,All ages,3687
HARRYVILLE,95DD18,2020,All persons,All ages,2175
KELLS,95DD19,2020,All persons,All ages,3486
MOAT,95DD20,2020,All persons,All ages,1814
PARK,95DD21,2020,All persons,All ages,2315
PORTGLENONE,95DD22,2020,All persons,All ages,3361
SLEMISH,95DD23,2020,All persons,All ages,2692
SUMMERFIELD,95DD24,2020,All persons,All ages,2693
BALLYHOE AND CORKEY,95EE01,2020,All persons,All ages,1980
BENVARDIN,95EE02,2020,All persons,All ages,2105
CARNANY,95EE03,2020,All persons,All ages,2175
CLOGH MILLS,95EE04,2020,All persons,All ages,1938
DERVOCK,95EE05,2020,All persons,All ages,1575
DUNLOY,95EE06,2020,All persons,All ages,2416
FAIRHILL,95EE07,2020,All persons,All ages,1830
GLEBE,95EE08,2020,All persons,All ages,1889
KILLOQUIN LOWER,95EE09,2020,All persons,All ages,1876
KILLOQUIN UPPER,95EE10,2020,All persons,All ages,1884
KNOCKAHOLET,95EE11,2020,All persons,All ages,1712
NEWHILL,95EE12,2020,All persons,All ages,2493
ROUTE,95EE13,2020,All persons,All ages,1557
SEACON,95EE14,2020,All persons,All ages,3037
STRANOCUM,95EE15,2020,All persons,All ages,1820
THE VOW,95EE16,2020,All persons,All ages,2213
BALLYDOWN,95FF01,2020,All persons,All ages,5475
BALLYWARD,95FF02,2020,All persons,All ages,3035
BANBRIDGE WEST,95FF03,2020,All persons,All ages,3211
BANNSIDE,95FF04,2020,All persons,All ages,2863
DROMORE NORTH,95FF05,2020,All persons,All ages,2717
DROMORE SOUTH,95FF06,2020,All persons,All ages,4237
EDENDERRY,95FF07,2020,All persons,All ages,2748
FORT,95FF08,2020,All persons,All ages,2339
GILFORD,95FF09,2020,All persons,All ages,2647
GRANSHA,95FF10,2020,All persons,All ages,3759
KATESBRIDGE,95FF11,2020,All persons,All ages,2854
LAWRENCETOWN,95FF12,2020,All persons,All ages,2752
LOUGHBRICKLAND,95FF13,2020,All persons,All ages,3010
QUILLY,95FF14,2020,All persons,All ages,2546
RATHFRILAND,95FF15,2020,All persons,All ages,2772
SEAPATRICK,95FF16,2020,All persons,All ages,2391
THE CUT,95FF17,2020,All persons,All ages,1747
ANDERSONSTOWN,95GG01,2020,All persons,All ages,4544
ARDOYNE,95GG02,2020,All persons,All ages,5900
BALLYHACKAMORE,95GG03,2020,All persons,All ages,5836
BALLYMACARRETT,95GG04,2020,All persons,All ages,5047
BALLYNAFEIGH,95GG05,2020,All persons,All ages,6063
BALLYSILLAN,95GG06,2020,All persons,All ages,5804
BEECHMOUNT,95GG07,2020,All persons,All ages,5429
BELLEVUE,95GG08,2020,All persons,All ages,5163
BELMONT,95GG09,2020,All persons,All ages,6148
BLACKSTAFF,95GG10,2020,All persons,All ages,4503
BLOOMFIELD,95GG11,2020,All persons,All ages,5373
BOTANIC,95GG12,2020,All persons,All ages,10803
CASTLEVIEW,95GG13,2020,All persons,All ages,4665
CAVEHILL,95GG14,2020,All persons,All ages,4829
CHERRYVALLEY,95GG15,2020,All persons,All ages,5926
CHICHESTER PARK,95GG16,2020,All persons,All ages,5480
CLIFTONVILLE,95GG17,2020,All persons,All ages,5486
CLONARD,95GG18,2020,All persons,All ages,5217
CRUMLIN,95GG19,2020,All persons,All ages,4839
DUNCAIRN,95GG20,2020,All persons,All ages,5701
FALLS,95GG21,2020,All persons,All ages,5258
FALLS PARK,95GG22,2020,All persons,All ages,5201
FINAGHY,95GG23,2020,All persons,All ages,4498
FORTWILLIAM,95GG24,2020,All persons,All ages,4416
GLEN ROAD,95GG25,2020,All persons,All ages,5598
GLENCAIRN,95GG26,2020,All persons,All ages,3846
GLENCOLIN,95GG27,2020,All persons,All ages,6608
HIGHFIELD,95GG28,2020,All persons,All ages,5626
ISLAND,95GG29,2020,All persons,All ages,5500
KNOCK,95GG30,2020,All persons,All ages,4645
LADYBROOK,95GG31,2020,All persons,All ages,6179
LEGONIEL,95GG32,2020,All persons,All ages,6984
MALONE,95GG33,2020,All persons,All ages,5460
MUSGRAVE,95GG34,2020,All persons,All ages,4836
NEW LODGE,95GG35,2020,All persons,All ages,4748
ORANGEFIELD,95GG36,2020,All persons,All ages,5724
RAVENHILL,95GG37,2020,All persons,All ages,6486
ROSETTA,95GG38,2020,All persons,All ages,6820
SHAFTESBURY,95GG39,2020,All persons,All ages,7750
SHANKILL,95GG40,2020,All persons,All ages,4324
STORMONT,95GG41,2020,All persons,All ages,5630
STRANMILLIS,95GG42,2020,All persons,All ages,8355
SYDENHAM,95GG43,2020,All persons,All ages,5035
THE MOUNT,95GG44,2020,All persons,All ages,6297
UPPER MALONE,95GG45,2020,All persons,All ages,4955
UPPER SPRINGFIELD,95GG46,2020,All persons,All ages,4959
WATER WORKS,95GG47,2020,All persons,All ages,6584
WHITEROCK,95GG48,2020,All persons,All ages,5624
WINDSOR,95GG49,2020,All persons,All ages,7730
WOODSTOCK,95GG50,2020,All persons,All ages,5736
WOODVALE,95GG51,2020,All persons,All ages,4143
BLACKHEAD,95HH01,2020,All persons,All ages,2014
BLUEFIELD,95HH02,2020,All persons,All ages,2911
BONEYBEFORE,95HH03,2020,All persons,All ages,1675
BURLEIGH HILL,95HH04,2020,All persons,All ages,2767
CLIPPERSTOWN,95HH05,2020,All persons,All ages,2042
EDEN,95HH06,2020,All persons,All ages,4883
GORTALEE,95HH07,2020,All persons,All ages,1607
GREENISLAND,95HH08,2020,All persons,All ages,3015
KILLYCROT,95HH09,2020,All persons,All ages,2778
KNOCKAGH,95HH10,2020,All persons,All ages,2785
LOVE LANE,95HH11,2020,All persons,All ages,1560
MILEBUSH,95HH12,2020,All persons,All ages,1542
NORTHLAND,95HH13,2020,All persons,All ages,1455
SUNNYLANDS,95HH14,2020,All persons,All ages,1495
VICTORIA,95HH15,2020,All persons,All ages,2433
WHITEHEAD,95HH16,2020,All persons,All ages,2046
WOODBURN,95HH17,2020,All persons,All ages,2349
BALLYHANWOOD,95II01,2020,All persons,All ages,3278
BEECHILL,95II02,2020,All persons,All ages,4900
CAIRNSHILL,95II03,2020,All persons,All ages,3997
CARROWREAGH,95II04,2020,All persons,All ages,6357
CARRYDUFF EAST,95II05,2020,All persons,All ages,3711
CARRYDUFF WEST,95II06,2020,All persons,All ages,3406
CREGAGH,95II07,2020,All persons,All ages,2185
DOWNSHIRE,95II08,2020,All persons,All ages,2439
DUNDONALD,95II09,2020,All persons,All ages,3440
ENLER,95II10,2020,All persons,All ages,2550
GALWALLY,95II11,2020,All persons,All ages,2557
GILNAHIRK,95II12,2020,All persons,All ages,2458
GRAHAM'S BRIDGE,95II13,2020,All persons,All ages,2793
HILLFOOT,95II14,2020,All persons,All ages,2506
KNOCKBRACKEN,95II15,2020,All persons,All ages,3415
LISNASHARRAGH,95II16,2020,All persons,All ages,2185
LOWER BRANIEL,95II17,2020,All persons,All ages,2537
MINNOWBURN,95II18,2020,All persons,All ages,2389
MONEYREAGH,95II19,2020,All persons,All ages,3986
NEWTOWNBREDA,95II20,2020,All persons,All ages,2689
TULLYCARNET,95II21,2020,All persons,All ages,2421
UPPER BRANIEL,95II22,2020,All persons,All ages,2420
WYNCHURCH,95II23,2020,All persons,All ages,2307
AGIVEY,95JJ01,2020,All persons,All ages,2519
ATLANTIC,95JJ02,2020,All persons,All ages,2380
BALLYSALLY,95JJ03,2020,All persons,All ages,2580
CASTLEROCK,95JJ04,2020,All persons,All ages,3105
CENTRAL,95JJ05,2020,All persons,All ages,2564
CHURCHLAND,95JJ06,2020,All persons,All ages,2622
CROSS GLEBE,95JJ07,2020,All persons,All ages,2926
DUNDOOAN,95JJ08,2020,All persons,All ages,3297
DUNLUCE,95JJ09,2020,All persons,All ages,2001
GARVAGH,95JJ10,2020,All persons,All ages,3002
HOPEFIELD,95JJ11,2020,All persons,All ages,3637
KILREA,95JJ12,2020,All persons,All ages,2859
KNOCKLYNN,95JJ13,2020,All persons,All ages,3801
MACOSQUIN,95JJ14,2020,All persons,All ages,2373
MOUNT SANDEL,95JJ15,2020,All persons,All ages,2020
PORTSTEWART,95JJ16,2020,All persons,All ages,1716
RINGSEND,95JJ17,2020,All persons,All ages,2523
ROYAL PORTRUSH,95JJ18,2020,All persons,All ages,1854
STRAND,95JJ19,2020,All persons,All ages,3145
THE CUTS,95JJ20,2020,All persons,All ages,4146
UNIVERSITY,95JJ21,2020,All persons,All ages,2579
WATERSIDE,95JJ22,2020,All persons,All ages,2654
ARDBOE,95KK01,2020,All persons,All ages,2743
COAGH,95KK02,2020,All persons,All ages,2064
DUNNAMORE,95KK03,2020,All persons,All ages,2557
GORTALOWRY,95KK04,2020,All persons,All ages,2762
KILLYCOLPY,95KK05,2020,All persons,All ages,2821
KILLYMOON,95KK06,2020,All persons,All ages,1844
LISSAN,95KK07,2020,All persons,All ages,2160
MONEYMORE,95KK08,2020,All persons,All ages,2975
NEWBUILDINGS,95KK09,2020,All persons,All ages,2556
OAKLANDS,95KK10,2020,All persons,All ages,2335
OLDTOWN,95KK11,2020,All persons,All ages,2580
POMEROY,95KK12,2020,All persons,All ages,2335
SANDHOLES,95KK13,2020,All persons,All ages,1781
STEWARTSTOWN,95KK14,2020,All persons,All ages,2009
THE LOOP,95KK15,2020,All persons,All ages,3132
TULLAGH,95KK16,2020,All persons,All ages,2369
AGHAGALLON,95LL01,2020,All persons,All ages,5273
ANNAGH,95LL02,2020,All persons,All ages,3726
BALLYBAY,95LL03,2020,All persons,All ages,3086
BALLYORAN,95LL04,2020,All persons,All ages,3200
BLEARY,95LL05,2020,All persons,All ages,4409
BROWNSTOWN,95LL06,2020,All persons,All ages,3631
CHURCH,95LL07,2020,All persons,All ages,2529
CORCRAIN,95LL08,2020,All persons,All ages,3695
COURT,95LL09,2020,All persons,All ages,3307
DERRYTRASNA,95LL10,2020,All persons,All ages,5935
DONAGHCLONEY,95LL11,2020,All persons,All ages,4405
DRUMGASK,95LL12,2020,All persons,All ages,4612
DRUMGOR,95LL13,2020,All persons,All ages,2950
DRUMNAMOE,95LL14,2020,All persons,All ages,2509
EDENDERRY,95LL15,2020,All persons,All ages,3284
KERNAN,95LL16,2020,All persons,All ages,8026
KILLYCOMAIN,95LL17,2020,All persons,All ages,2702
KNOCKNASHANE,95LL18,2020,All persons,All ages,3789
MAGHERALIN,95LL19,2020,All persons,All ages,6006
MOURNEVIEW,95LL20,2020,All persons,All ages,2495
PARKLAKE,95LL21,2020,All persons,All ages,4621
TAGHNEVAN,95LL22,2020,All persons,All ages,3961
TAVANAGH,95LL23,2020,All persons,All ages,2402
THE BIRCHES,95LL24,2020,All persons,All ages,4163
WARINGSTOWN,95LL25,2020,All persons,All ages,4860
WOODVILLE,95LL26,2020,All persons,All ages,3774
ALTNAGELVIN,95MM01,2020,All persons,All ages,4964
BALLYNASHALLOG,95MM02,2020,All persons,All ages,3161
BANAGHER,95MM03,2020,All persons,All ages,3617
BEECHWOOD,95MM04,2020,All persons,All ages,2089
BRANDYWELL,95MM05,2020,All persons,All ages,2338
CARN HILL,95MM06,2020,All persons,All ages,2587
CAW,95MM07,2020,All persons,All ages,2781
CLONDERMOT,95MM08,2020,All persons,All ages,3014
CLAUDY,95MM09,2020,All persons,All ages,3513
CREGGAN CENTRAL,95MM10,2020,All persons,All ages,2725
CREGGAN SOUTH,95MM11,2020,All persons,All ages,2800
CREVAGH,95MM12,2020,All persons,All ages,5696
CULMORE,95MM13,2020,All persons,All ages,9054
EBRINGTON,95MM14,2020,All persons,All ages,2646
EGLINTON,95MM15,2020,All persons,All ages,4441
ENAGH,95MM16,2020,All persons,All ages,6277
FOYLE SPRINGS,95MM17,2020,All persons,All ages,3564
HOLLY MOUNT,95MM18,2020,All persons,All ages,5996
KILFENNAN,95MM19,2020,All persons,All ages,2864
LISNAGELVIN,95MM20,2020,All persons,All ages,3151
NEW BUILDINGS,95MM21,2020,All persons,All ages,3321
PENNYBURN,95MM22,2020,All persons,All ages,2364
ROSEMOUNT,95MM23,2020,All persons,All ages,2585
SHANTALLOW EAST,95MM24,2020,All persons,All ages,2459
SHANTALLOW WEST,95MM25,2020,All persons,All ages,7630
SPRINGTOWN,95MM26,2020,All persons,All ages,2977
STRAND,95MM27,2020,All persons,All ages,4223
THE DIAMOND,95MM28,2020,All persons,All ages,2241
VICTORIA,95MM29,2020,All persons,All ages,3605
WESTLAND,95MM30,2020,All persons,All ages,2059
ARDGLASS,95NN01,2020,All persons,All ages,3365
AUDLEY'S ACRE,95NN02,2020,All persons,All ages,2151
BALLYMAGLAVE,95NN03,2020,All persons,All ages,2912
BALLYMOTE,95NN04,2020,All persons,All ages,3046
BALLYNAHINCH EAST,95NN05,2020,All persons,All ages,2602
CASTLEWELLAN,95NN06,2020,All persons,All ages,3633
CATHEDRAL,95NN07,2020,All persons,All ages,3222
CROSSGAR,95NN08,2020,All persons,All ages,3424
DERRYBOY,95NN09,2020,All persons,All ages,3215
DONARD,95NN10,2020,All persons,All ages,3044
DRUMANESS,95NN11,2020,All persons,All ages,4128
DUNDRUM,95NN12,2020,All persons,All ages,2918
DUNMORE,95NN13,2020,All persons,All ages,3211
KILLOUGH,95NN14,2020,All persons,All ages,3058
KILLYLEAGH,95NN15,2020,All persons,All ages,3101
KILMORE,95NN16,2020,All persons,All ages,3310
MURLOUGH,95NN17,2020,All persons,All ages,2540
QUOILE,95NN18,2020,All persons,All ages,3046
SAINTFIELD,95NN19,2020,All persons,All ages,3555
SEAFORDE,95NN20,2020,All persons,All ages,3252
SHIMNA,95NN21,2020,All persons,All ages,2872
STRANGFORD,95NN22,2020,All persons,All ages,2933
TOLLYMORE,95NN23,2020,All persons,All ages,3808
ALTMORE,95OO01,2020,All persons,All ages,2858
AUGHER,95OO02,2020,All persons,All ages,2402
AUGHNACLOY,95OO03,2020,All persons,All ages,2988
BALLYGAWLEY,95OO04,2020,All persons,All ages,2757
BALLYSAGGART,95OO05,2020,All persons,All ages,3093
BENBURB,95OO06,2020,All persons,All ages,3099
CALEDON,95OO07,2020,All persons,All ages,2794
CASTLECAULFIELD,95OO08,2020,All persons,All ages,2980
CLOGHER,95OO09,2020,All persons,All ages,2369
COALISLAND NORTH,95OO10,2020,All persons,All ages,3723
COALISLAND SOUTH,95OO11,2020,All persons,All ages,2776
COALISLAND WEST AND NEWMILLS,95OO12,2020,All persons,All ages,3146
COOLHILL,95OO13,2020,All persons,All ages,3224
DONAGHMORE,95OO14,2020,All persons,All ages,2676
DRUMGLASS,95OO15,2020,All persons,All ages,2619
FIVEMILETOWN,95OO16,2020,All persons,All ages,2303
KILLYMAN,95OO17,2020,All persons,All ages,3093
KILLYMEAL,95OO18,2020,All persons,All ages,3223
MOY,95OO19,2020,All persons,All ages,3324
MOYGASHEL,95OO20,2020,All persons,All ages,2176
MULLAGHMORE,95OO21,2020,All persons,All ages,2609
WASHING BAY,95OO22,2020,All persons,All ages,3328
BALLINAMALLARD,95PP01,2020,All persons,All ages,2593
BELCOO AND GARRISON,95PP02,2020,All persons,All ages,2761
BELLEEK AND BOA,95PP03,2020,All persons,All ages,2654
BOHO CLEENISH AND LETTERBREEN,95PP04,2020,All persons,All ages,3544
BROOKEBOROUGH,95PP05,2020,All persons,All ages,2645
CASTLECOOLE,95PP06,2020,All persons,All ages,3917
DERRYGONNELLY,95PP07,2020,All persons,All ages,2901
DERRYLIN,95PP08,2020,All persons,All ages,2924
DEVENISH,95PP09,2020,All persons,All ages,1637
DONAGH,95PP10,2020,All persons,All ages,2447
ERNE,95PP11,2020,All persons,All ages,2476
FLORENCE COURT AND KINAWLEY,95PP12,2020,All persons,All ages,2890
IRVINESTOWN,95PP13,2020,All persons,All ages,2571
KESH EDERNEY AND LACK,95PP14,2020,All persons,All ages,3905
LISBELLAW,95PP15,2020,All persons,All ages,3090
LISNARRICK,95PP16,2020,All persons,All ages,2095
LISNASKEA,95PP17,2020,All persons,All ages,2612
MAQUIRES BRIDGE,95PP18,2020,All persons,All ages,3223
NEWTOWNBUTLER,95PP19,2020,All persons,All ages,2566
PORTORA,95PP20,2020,All persons,All ages,3201
ROSSLEA,95PP21,2020,All persons,All ages,2165
ROSSORRY,95PP22,2020,All persons,All ages,2544
TEMPO,95PP23,2020,All persons,All ages,2913
ANTIVILLE,95QQ01,2020,All persons,All ages,1440
BALLYCARRY,95QQ02,2020,All persons,All ages,2853
BALLYLORAN,95QQ03,2020,All persons,All ages,1050
BLACKCAVE,95QQ04,2020,All persons,All ages,1539
CARNCASTLE,95QQ05,2020,All persons,All ages,2829
CARNLOUGH,95QQ06,2020,All persons,All ages,2063
CENTRAL,95QQ07,2020,All persons,All ages,1876
CRAIGY HILL,95QQ08,2020,All persons,All ages,1383
GARDENMORE,95QQ09,2020,All persons,All ages,1857
GLENARM,95QQ10,2020,All persons,All ages,1790
GLYNN,95QQ11,2020,All persons,All ages,2003
HARBOUR,95QQ12,2020,All persons,All ages,1859
ISLAND MAGEE,95QQ13,2020,All persons,All ages,2535
KILWAUGHTER,95QQ14,2020,All persons,All ages,6148
TOWN PARKS,95QQ15,2020,All persons,All ages,1442
AGHANLOO,95RR01,2020,All persons,All ages,4603
BALLYKELLY,95RR02,2020,All persons,All ages,1733
COOLESSAN,95RR03,2020,All persons,All ages,1351
DUNGIVEN,95RR04,2020,All persons,All ages,2043
ENAGH,95RR05,2020,All persons,All ages,2578
FEENY,95RR06,2020,All persons,All ages,2335
FOREST,95RR07,2020,All persons,All ages,2444
GLACK,95RR08,2020,All persons,All ages,2201
GRESTEEL,95RR09,2020,All persons,All ages,4192
GREYSTONE,95RR10,2020,All persons,All ages,1213
MAGILLIGAN,95RR11,2020,All persons,All ages,2488
RATHBRADY,95RR12,2020,All persons,All ages,1344
ROESIDE,95RR13,2020,All persons,All ages,1435
THE HIGHLANDS,95RR14,2020,All persons,All ages,2156
UPPER GLENSHANE,95RR15,2020,All persons,All ages,2647
BALLINDERRY,95SS01,2020,All persons,All ages,5307
BALLYMACASH,95SS02,2020,All persons,All ages,4585
BALLYMACBRENNAN,95SS03,2020,All persons,All ages,3639
BALLYMACOSS,95SS04,2020,All persons,All ages,9874
BLARIS,95SS05,2020,All persons,All ages,3680
COLLIN GLEN,95SS06,2020,All persons,All ages,5712
DERRYAGHY,95SS07,2020,All persons,All ages,11023
DROMARA,95SS08,2020,All persons,All ages,4632
DRUMBO,95SS09,2020,All persons,All ages,3604
DUNMURRY,95SS10,2020,All persons,All ages,4241
GLENAVY,95SS11,2020,All persons,All ages,6252
HARMONY HILL,95SS12,2020,All persons,All ages,2937
HILDEN,95SS13,2020,All persons,All ages,2973
HILLHALL,95SS14,2020,All persons,All ages,3403
HILLSBOROUGH,95SS15,2020,All persons,All ages,4063
KILWEE,95SS16,2020,All persons,All ages,3140
KNOCKMORE,95SS17,2020,All persons,All ages,4891
LAGAN VALLEY,95SS18,2020,All persons,All ages,3125
LAMBEG,95SS19,2020,All persons,All ages,3121
LISNAGARVEY,95SS20,2020,All persons,All ages,2538
MAGHABERRY,95SS21,2020,All persons,All ages,5392
MAGHERALAVE,95SS22,2020,All persons,All ages,4034
MAZE,95SS23,2020,All persons,All ages,4050
MOIRA,95SS24,2020,All persons,All ages,5426
OLD WARREN,95SS25,2020,All persons,All ages,2770
POLEGLASS,95SS26,2020,All persons,All ages,3723
SEYMOUR HILL,95SS27,2020,All persons,All ages,2573
TONAGH,95SS28,2020,All persons,All ages,2518
TWINBROOK,95SS29,2020,All persons,All ages,2609
WALLACE PARK,95SS30,2020,All persons,All ages,3656
BALLYMAGUIGAN,95TT01,2020,All persons,All ages,3128
BELLAGHY,95TT02,2020,All persons,All ages,2810
CASTLEDAWSON,95TT03,2020,All persons,All ages,3522
DRAPERSTOWN,95TT04,2020,All persons,All ages,3213
GLEBE,95TT05,2020,All persons,All ages,3249
GULLADUFF,95TT06,2020,All persons,All ages,3029
KNOCKCLOGHRIM,95TT07,2020,All persons,All ages,3002
LECUMPHER,95TT08,2020,All persons,All ages,2919
LOWER GLENSHANE,95TT09,2020,All persons,All ages,3061
MAGHERA,95TT10,2020,All persons,All ages,2861
SWATRAGH,95TT11,2020,All persons,All ages,3614
TOBERMORE,95TT12,2020,All persons,All ages,2720
TOWN PARKS EAST,95TT13,2020,All persons,All ages,2940
TOWN PARKS WEST,95TT14,2020,All persons,All ages,2388
UPPERLANDS,95TT15,2020,All persons,All ages,2597
VALLEY,95TT16,2020,All persons,All ages,2738
ARMOY,95UU01,2020,All persons,All ages,1120
BALLYLOUGH,95UU02,2020,All persons,All ages,1061
BONAMARGY AND RATHLIN,95UU03,2020,All persons,All ages,904
BUSHMILLS,95UU04,2020,All persons,All ages,727
CARNMOON,95UU05,2020,All persons,All ages,1059
DALRIADA,95UU06,2020,All persons,All ages,1475
DUNSEVERICK,95UU07,2020,All persons,All ages,791
GLENAAN,95UU08,2020,All persons,All ages,1205
GLENARIFF,95UU09,2020,All persons,All ages,1596
GLENDUN,95UU10,2020,All persons,All ages,1148
GLENSHESK,95UU11,2020,All persons,All ages,968
GLENTAISIE,95UU12,2020,All persons,All ages,1420
KINBANE,95UU13,2020,All persons,All ages,922
KNOCKLAYD,95UU14,2020,All persons,All ages,1978
MOSS-SIDE AND MOYARGET,95UU15,2020,All persons,All ages,1001
ANNALONG,95VV01,2020,All persons,All ages,3412
BALLYBOT,95VV02,2020,All persons,All ages,2308
BESSBROOK,95VV03,2020,All persons,All ages,2865
BINNIAN,95VV04,2020,All persons,All ages,3405
BURREN AND KILBRONEY,95VV05,2020,All persons,All ages,4946
CAMLOUGH,95VV06,2020,All persons,All ages,3816
CLONALLAN,95VV07,2020,All persons,All ages,4521
CREGGAN,95VV08,2020,All persons,All ages,3544
CROSSMAGLEN,95VV09,2020,All persons,All ages,2950
DAISY HILL,95VV10,2020,All persons,All ages,3456
DERRYLECKAGH,95VV11,2020,All persons,All ages,4779
DERRYMORE,95VV12,2020,All persons,All ages,3607
DONAGHMORE,95VV13,2020,All persons,All ages,3838
DRUMALANE,95VV14,2020,All persons,All ages,3614
DRUMGULLION,95VV15,2020,All persons,All ages,3158
FATHOM,95VV16,2020,All persons,All ages,3393
FORKHILL,95VV17,2020,All persons,All ages,4823
KILKEEL CENTRAL,95VV18,2020,All persons,All ages,3754
KILKEEL SOUTH,95VV19,2020,All persons,All ages,2960
LISNACREE,95VV20,2020,All persons,All ages,3248
MAYOBRIDGE,95VV21,2020,All persons,All ages,4587
NEWTOWNHAMILTON,95VV22,2020,All persons,All ages,3376
ROSTREVOR,95VV23,2020,All persons,All ages,2847
SEAVIEW,95VV24,2020,All persons,All ages,3167
SILVER BRIDGE,95VV25,2020,All persons,All ages,4204
SPELGA,95VV26,2020,All persons,All ages,3788
ST MARY'S,95VV27,2020,All persons,All ages,2341
ST PATRICK'S,95VV28,2020,All persons,All ages,3477
TULLYHAPPY,95VV29,2020,All persons,All ages,3560
WINDSOR HILL,95VV30,2020,All persons,All ages,3065
ABBEY,95WW01,2020,All persons,All ages,2922
BALLYCLARE NORTH,95WW02,2020,All persons,All ages,4222
BALLYCLARE SOUTH,95WW03,2020,All persons,All ages,3677
BALLYDUFF,95WW04,2020,All persons,All ages,2769
BALLYHENRY,95WW05,2020,All persons,All ages,2730
BALLYNURE,95WW06,2020,All persons,All ages,3412
BALLYROBERT,95WW07,2020,All persons,All ages,4609
BURNTHILL,95WW08,2020,All persons,All ages,2422
CARNMONEY,95WW09,2020,All persons,All ages,2668
CLOUGHFERN,95WW10,2020,All persons,All ages,3014
COLLINBRIDGE,95WW11,2020,All persons,All ages,3102
COOLE,95WW12,2020,All persons,All ages,2474
DOAGH,95WW13,2020,All persons,All ages,3745
DUNANNEY,95WW14,2020,All persons,All ages,2279
GLEBE,95WW15,2020,All persons,All ages,3223
GLENGORMLEY,95WW16,2020,All persons,All ages,2807
HAWTHORNE,95WW17,2020,All persons,All ages,2227
HIGHTOWN,95WW18,2020,All persons,All ages,2281
JORDANSTOWN,95WW19,2020,All persons,All ages,6118
MALLUSK,95WW20,2020,All persons,All ages,10010
MONKSTOWN,95WW21,2020,All persons,All ages,3574
MOSSLEY,95WW22,2020,All persons,All ages,2942
ROSTULLA,95WW23,2020,All persons,All ages,4691
VALLEY,95WW24,2020,All persons,All ages,3918
WHITEHOUSE,95WW25,2020,All persons,All ages,2139
BALLYCROCHAN,95XX01,2020,All persons,All ages,5068
BALLYHOLME,95XX02,2020,All persons,All ages,2716
BALLYMACONNELL,95XX03,2020,All persons,All ages,2607
BALLYMAGEE,95XX04,2020,All persons,All ages,3557
BANGOR CASTLE,95XX05,2020,All persons,All ages,2654
BLOOMFIELD,95XX06,2020,All persons,All ages,4032
BROADWAY,95XX07,2020,All persons,All ages,2712
BRYANSBURN,95XX08,2020,All persons,All ages,2550
CHURCHILL,95XX09,2020,All persons,All ages,2909
CLANDEBOYE,95XX10,2020,All persons,All ages,5169
CONLIG,95XX11,2020,All persons,All ages,7769
CRAIGAVAD,95XX12,2020,All persons,All ages,2592
CRAWFORDSBURN,95XX13,2020,All persons,All ages,3078
CULTRA,95XX14,2020,All persons,All ages,2557
DUFFERIN,95XX15,2020,All persons,All ages,2711
GROOMSPORT,95XX16,2020,All persons,All ages,3071
HARBOUR,95XX17,2020,All persons,All ages,3128
HOLYWOOD DEMESNE,95XX18,2020,All persons,All ages,2912
HOLYWOOD PRIORY,95XX19,2020,All persons,All ages,2781
LOUGHVIEW,95XX20,2020,All persons,All ages,3060
PRINCETOWN,95XX21,2020,All persons,All ages,2926
RATHGAEL,95XX22,2020,All persons,All ages,2158
SILVERSTREAM,95XX23,2020,All persons,All ages,3251
SPRINGHILL,95XX24,2020,All persons,All ages,2676
WHITEHILL,95XX25,2020,All persons,All ages,2521
BERAGH,95YY01,2020,All persons,All ages,2704
CAMOWEN,95YY02,2020,All persons,All ages,2340
CLANABOGAN,95YY03,2020,All persons,All ages,3300
COOLNAGARD,95YY04,2020,All persons,All ages,3438
DERGMONEY,95YY05,2020,All persons,All ages,1612
DROMORE,95YY06,2020,All persons,All ages,2343
DRUMNAKILLY,95YY07,2020,All persons,All ages,3049
DRUMQUIN,95YY08,2020,All persons,All ages,2309
DRUMRAGH,95YY09,2020,All persons,All ages,2340
FAIRY WATER,95YY10,2020,All persons,All ages,2201
FINTONA,95YY11,2020,All persons,All ages,2033
GORTIN,95YY12,2020,All persons,All ages,3075
GORTRUSH,95YY13,2020,All persons,All ages,2906
KILLYCLOGHER,95YY14,2020,All persons,All ages,3235
LISANELLY,95YY15,2020,All persons,All ages,2129
NEWTOWNSAVILLE,95YY16,2020,All persons,All ages,2601
OWENKILLEW,95YY17,2020,All persons,All ages,2492
SIXMILECROSS,95YY18,2020,All persons,All ages,2372
STRULE,95YY19,2020,All persons,All ages,1534
TERMON,95YY20,2020,All persons,All ages,2540
TRILLICK,95YY21,2020,All persons,All ages,2509
ARTIGARVAN,95ZZ01,2020,All persons,All ages,2899
BALLYCOLMAN,95ZZ02,2020,All persons,All ages,1687
CASTLEDERG,95ZZ03,2020,All persons,All ages,2069
CLARE,95ZZ04,2020,All persons,All ages,2653
DUNNAMANAGH,95ZZ05,2020,All persons,All ages,2253
EAST,95ZZ06,2020,All persons,All ages,1660
FINN,95ZZ07,2020,All persons,All ages,2946
GLENDERG,95ZZ08,2020,All persons,All ages,2692
NEWTOWNSTEWART,95ZZ09,2020,All persons,All ages,2214
NORTH,95ZZ10,2020,All persons,All ages,3470
PLUMBRIDGE,95ZZ11,2020,All persons,All ages,2188
SION MILLS,95ZZ12,2020,All persons,All ages,2336
SLIEVEKIRK,95ZZ13,2020,All persons,All ages,2525
SOUTH,95ZZ14,2020,All persons,All ages,3244
VICTORIA BRIDGE,95ZZ15,2020,All persons,All ages,2323
WEST,95ZZ16,2020,All persons,All ages,3213
